{"cameraMode":{"drawMode":0,"name":"Shaded","section":"Shading Mode"},"sceneLighting":false,"audioPlay":false,"sceneViewState":{"m_AlwaysRefresh":false,"showFog":true,"showSkybox":false,"showFlares":true,"showImageEffects":true,"showParticleSystems":true,"showVisualEffectGraphs":true,"m_FxEnabled":true},"in2DMode":false,"pivot":{"x":-0.3233581483364105,"y":1.0429784059524537,"z":-1.1286730766296387},"rotation":{"x":0.247944638133049,"y":0.13462527096271516,"z":-0.03479544445872307,"w":0.9587729573249817},"size":0.7837610244750977,"orthographic":false}