{"cameraMode":{"drawMode":0,"name":"Shaded","section":"Shading Mode"},"sceneLighting":false,"audioPlay":false,"sceneViewState":{"m_AlwaysRefresh":false,"showFog":true,"showSkybox":false,"showFlares":true,"showImageEffects":true,"showParticleSystems":true,"showVisualEffectGraphs":true,"m_FxEnabled":true},"in2DMode":false,"pivot":{"x":-13.122390747070313,"y":3.8170056343078615,"z":6.849328994750977},"rotation":{"x":-0.00030845485161989927,"y":-0.006153673864901066,"z":-0.000008767543477006257,"w":-0.9999989867210388},"size":0.8660253882408142,"orthographic":false}